ETH Address, Stake, Tier, Participation Weight
0xba88...4c57,1001,3,4
0x57fb...cbbb,2006,3,8
0x3243...904c,203,5,1
0xfcee...cfc2,1000,3,4
0x23d3...5936,501,4,2
0xab61...b14e,508,4,2
0x5b5d...9c27,513,4,2
0x35e0...646b,1722,3,6
0xf18c...e9ff,1003,3,4
0x2381...ce3b,1001,3,4
0x14ed...83a4,1001,3,4
0xabdb...d985,150,5,1
0xe0c2...5e2b,2750,3,11
0x95c0...a95d,1000,3,4
0xfcc0...b598,501,4,2
0x1ca8...1f2a,151,5,1
0xb17d...d97e,1001,3,4
0xbeaf...1313,500,4,2
0x922a...622d,648,4,2
0x5c5d...bcb4,515,4,2
0x544c...fa76,1007,3,4
0x5a74...d5ab,1005,3,4
0x99f6...a375,1006,3,4
0xfa45...bc28,500,4,2
0x2b17...3403,1010,3,4
0x3146...af50,1272,3,5
0x1a01...4981,1005,3,4
0x51e2...cdb9,150,5,1
0x0d51...d862,500,4,2
0x4fbc...90e1,2029,3,8
0x23e1...795c,150,5,1
0x9121...39f5,510,4,2
0xbcae...8472,500,4,2
0x3ae5...b067,500,4,2
0x96c3...3403,1012,3,4
0x6a6e...f147,1005,3,4
0xc1c4...dc51,1749,3,6
0xea3a...d3b0,1003,3,4
0xe6bf...c98b,1708,3,6
0x630c...1010,170,5,1
0x36e0...52bd,506,4,2
0xdf3f...0404,1000,3,4
0x586e...f59d,500,4,2
0x189f...c136,1560,3,6
0x914d...0774,152,5,1
0x2099...c80c,153,5,1
0xbbb9...b813,153,5,1
0x55fe...c104,401,5,1
0x5bff...9ef5,163,5,1
0x6035...0512,150,5,1
0x1089...4b57,154,5,1
0xaaab...bf32,150,5,1
0xc627...ca7e,1250,3,5
0x4f2e...4360,1120,3,4
0x87b6...1b54,502,4,2
0xb80c...efa0,160,5,1
0xd98a...2101,169,5,1
0xd2c7...4e43,272,5,1
0x1a7a...9d78,502,4,2
0xa099...dbce,1000,3,4
0xd6f6...bb89,153,5,1
0x0c21...4fa5,637,4,2
0x49cb...d672,3383,3,13
0x69d5...18eb,1509,3,6
0x0cf4...a9fa,1083,3,4
0x206d...d805,1634,3,6
0x8af6...52a3,152,5,1
0xe011...5b54,215,5,1
0x7bb7...f889,1004,3,4
0x1ffd...6854,150,5,1
0x8003...aef0,200,5,1
0x214c...4931,1557,3,6
0x4717...d944,1002,3,4
0xbcb2...3729,1000,3,4
0xb29d...3a3b,1001,3,4
0x46f3...bbe8,507,4,2
0x851b...8dc2,1272,3,5
0xa681...2cda,3338,3,13
0xf4dc...4227,518,4,2
0x3a73...4ad7,1028,3,4
0xecdd...be7d,1806,3,7
0xe17d...0e72,511,4,2
0xa140...a46d,1010,3,4
0x9264...e2d8,501,4,2
0x2ce3...1635,503,4,2
0x1ae9...456a,1013,3,4
0xceae...035c,1500,3,6
0x7936...0726,538,4,2
0x2050...8d64,1000,3,4
0x0770...b916,1115,3,4
0x8abd...2140,1975,3,7
0x3f14...c569,1500,3,6
0xee83...b793,1001,3,4
0x0f43...d5a4,1250,3,5
0x874c...bb22,500,4,2
0xc17a...7828,1240,3,4
0x34e2...fe50,1250,3,5
0x68b3...16db,674,4,2
0x53cf...31e7,1002,3,4
0xe7db...e399,150,5,1
0x34dc...a523,1008,3,4
0x77a6...8baf,1708,3,6
0x975d...2dbf,1661,3,6
0x946d...584d,1000,3,4
0x197f...7d4b,1104,3,4
0x2af6...a1c1,500,4,2
0x7e22...9d30,511,4,2
0xc29b...cc9e,200,5,1
0x5602...0428,2109,3,8
0x8812...bd93,2003,3,8
0xeb35...a5ac,2020,3,8
0x1114...2c00,153,5,1
0x704e...5f3c,1005,3,4
0x8cf6...ba5b,500,4,2
0x76dd...8821,150,5,1
0x69d2...eb80,1529,3,6
0xc0af...89ee,152,5,1
0x03a0...3184,1009,3,4
0xc8ec...a778,1001,3,4
0x8a8a...c796,631,4,2
0xa728...b4f6,501,4,2
0x04e3...2bda,2016,3,8
0xe651...670c,152,5,1
0x8c4c...dd4e,388,5,1
0x726a...c047,1005,3,4
0x943d...d469,1004,3,4
0x5967...a437,1011,3,4
0xa282...48f2,305,5,1
0xf21c...5cc8,1001,3,4
0x253b...7131,228,5,1
0x8776...eb89,252,5,1
0x7e0b...2b29,500,4,2
0xa19e...69cc,160,5,1
0x3ed1...d451,666,4,2
0xb8d1...87ae,1113,3,4
0xc680...687f,384,5,1
0x919c...5a42,353,5,1
0x00d1...adfe,1096,3,4
0x6d34...e4a4,515,4,2
0x7df2...c549,600,4,2
0xc583...5d5c,1008,3,4
0x8571...49ce,500,4,2
0x3d5d...3d7e,151,5,1
0x5427...dc66,150,5,1
0xc578...f674,500,4,2
0x2888...3eda,152,5,1
0x933d...b244,1077,3,4
0x7177...4086,157,5,1
0x9292...02c0,225,5,1
0x43d9...1e62,1001,3,4
0x89ab...43b8,1855,3,7
0x35a2...4b81,1503,3,6
0x1506...d00a,500,4,2
0x0538...91b2,1000,3,4
0x1519...8303,591,4,2
0x2dab...b205,510,4,2
0xb2e1...efd2,1005,3,4
0x0b52...a134,156,5,1
0xa77a...f6b7,150,5,1
0xae4f...8373,150,5,1
0xa1bc...457f,151,5,1
0x111e...f17a,2349,3,9
0x7c11...8a44,503,4,2
0xf37e...61d1,1002,3,4
0x6100...9ebf,513,4,2
0xeaf5...0fe1,500,4,2
0x7f70...2854,155,5,1
0x8f86...0fb2,1315,3,5
0x7463...0124,542,4,2
0x9bb9...0d34,1015,3,4
0x38f8...251c,1000,3,4
0x495e...d23b,175,5,1
0x9d99...4f5a,500,4,2
0xafb2...ae95,3997,3,15
0x4393...1d4e,500,4,2
0x9d9b...c9b2,500,4,2
0xee66...a196,2100,3,8
0x27a4...3780,1013,3,4
0x2863...8031,1201,3,4
0x89e2...4db7,223,5,1
0xc769...d545,1005,3,4
0x4676...35d4,1017,3,4
0xd492...0f92,1102,3,4
0x4517...29a1,1002,3,4
0xd24d...53fa,1002,3,4
0xad3f...6606,519,4,2
0xb2e2...0175,1000,3,4
0xa244...0557,160,5,1
0x3c0d...3276,1581,3,6
0x79d9...1fff,158,5,1
0xe28c...acf5,150,5,1
0xc287...08ed,1012,3,4
0x8e5e...a80f,223,5,1
0xbc1a...71e4,504,4,2
0xa6c9...f3c4,500,4,2
0x6812...7690,501,4,2
0x1fa2...4869,625,4,2
0x61fd...1322,1000,3,4
0x85b8...c928,517,4,2
0x0a08...ac33,154,5,1
0xf151...0b1d,208,5,1
0x1cc1...dff9,1003,3,4
0x50fb...dac3,505,4,2
0x9346...24f1,205,5,1
0x0382...9c73,1002,3,4
0xab99...3e0f,1000,3,4
0x6198...0ed3,500,4,2
0xe7da...875d,212,5,1
0xd0f5...7912,1015,3,4
0xcfab...293f,500,4,2
0x2804...ea94,1000,3,4
0x0c4a...15ba,1000,3,4
0x3f4e...80a7,170,5,1
0x2b2d...4b9a,1006,3,4
0x655e...1075,169,5,1
0x580c...b05b,500,4,2
0x42c5...9cc4,180,5,1
0x491c...8c26,160,5,1
0x3d52...0e63,1014,3,4
0xf738...3767,151,5,1
0xbb0d...755c,500,4,2
0xc4d4...5f6c,501,4,2
0xf7e1...38f6,1005,3,4
0xdc72...54ae,500,4,2
0xb11a...2828,500,4,2
0x1151...315a,1086,3,4
0x7bd3...0b37,1000,3,4
0x5e97...6abf,160,5,1
0x465d...d894,160,5,1
0x0b66...7f65,502,4,2
0xb10f...cb11,1026,3,4
0xb1c8...7eae,500,4,2
0x51bd...dd53,199,5,1
0xc7f6...d27b,250,5,1
0x6f76...c933,1069,3,4
0x9842...9e06,2182,3,8
0x1920...6546,1933,3,7
0x7410...0ad1,179,5,1
0x6c1d...ccf9,154,5,1
0xd192...e9b6,600,4,2
0x87d2...07b0,150,5,1
0xee01...229d,152,5,1
0xec0a...ec56,505,4,2
0x7af5...40ec,154,5,1
0x0ada...b347,876,4,2
0x9617...d0de,250,5,1
0xec8c...f5bd,150,5,1
0x590a...7a27,500,4,2
0x16a6...8ca1,300,5,1
0x514a...a250,1001,3,4
0x7d0c...a705,152,5,1
0x2f18...754f,1787,3,7
0xb306...5985,1277,3,5
0x344f...7851,1004,3,4
0x23ba...41bd,500,4,2
0xc0cd...2d87,535,4,2
0xdbe9...80dc,1000,3,4
0x78cb...70f6,150,5,1
0x607c...393d,506,4,2
0xc160...f7b1,1068,3,4
0xd9fd...15f8,151,5,1
0xe0fe...a81a,1005,3,4
0x579a...d5e5,1002,3,4
0x6f66...e856,574,4,2
0x35a4...4148,375,5,1
0xc848...6ece,500,4,2
0xfa7b...1e04,151,5,1
0x7fe8...5246,340,5,1
0x92ca...192d,1230,3,4
0x0b4e...2de9,503,4,2
0x28ea...daef,519,4,2
0x7ef4...5370,1554,3,6
0xb7a1...1253,1278,3,5
0x4468...9a57,501,4,2
0x4979...5c15,1000,3,4
0xace8...7488,151,5,1
0xe646...b62e,529,4,2
0x72c4...a91a,1521,3,6
0x5515...056a,559,4,2
0x97c5...07e3,155,5,1
0x947f...74d2,2263,3,9
0x59f7...ccd8,508,4,2
0x5d12...d317,500,4,2
0x19c5...22a6,1005,3,4
0x3721...df2a,169,5,1
0x9b8e...6f68,156,5,1
0x5834...286a,521,4,2
0xf566...14cd,160,5,1
0xa677...bf0d,1000,3,4
0x1045...28ac,1015,3,4
0xe9cb...9aa4,150,5,1
0x3af4...d85a,1000,3,4
0x90b3...2551,160,5,1
0x8bee...8b06,1321,3,5
0x8fdd...5d91,501,4,2
0x7ecd...bd6c,500,4,2
0x46ac...580e,150,5,1
0x38d9...e8e3,1004,3,4
0x77e3...3026,150,5,1
0xbfad...ad6c,1000,3,4
0xc3ca...62e4,155,5,1
0xd2dd...7a40,150,5,1
0xf989...340e,505,4,2
0xb223...9f2c,150,5,1
0x6c14...92b0,1507,3,6
0xc082...71a7,506,4,2
0x80a2...8592,150,5,1
0xf315...ff56,264,5,1
0x6ffe...1047,1761,3,7
0x7358...bfea,694,4,2
0xa0ac...013d,500,4,2
0xb88a...a01f,200,5,1
0xbf86...74cb,1000,3,4
0x7433...dbfa,1004,3,4
0x77ad...18ac,150,5,1
0x1abb...79cd,1002,3,4
0x3557...42cf,2003,3,8
0xf77f...4dfa,504,4,2
0x4490...5916,1028,3,4
0x467d...ae69,160,5,1
0xf3d0...93f4,207,5,1
0xe3f5...e62c,151,5,1
0x4b62...e603,1001,3,4
0x3bd2...5e17,250,5,1
0xc600...127e,1008,3,4
0x6d26...6a19,500,4,2
0x1f2e...5ad2,151,5,1
0xe51c...e238,500,4,2
0x6ee7...e89c,614,4,2
0x6762...3fac,501,4,2
0x5ac6...231e,1007,3,4
0xf4a3...fc46,153,5,1
0x467a...654c,216,5,1
0x88b1...3f3b,1002,3,4
0x21f9...d393,388,5,1
0x3bb6...1e91,153,5,1
0x7367...1907,1000,3,4
0xa796...cec3,160,5,1
0xc7e6...550d,181,5,1
0x11cb...d312,505,4,2
0x12e6...e14d,1437,3,5
0xddd2...9d32,500,4,2
0x8e16...dcc4,1001,3,4
0x672c...60e5,157,5,1
0x6106...fef9,151,5,1
0x0693...522e,1002,3,4
0x00e9...d60a,626,4,2
0x73e5...48a7,502,4,2
0xc66f...f707,500,4,2
0xc347...a611,607,4,2
0xa179...0789,157,5,1
0xa20c...0371,501,4,2
0x2cd8...4b67,1018,3,4
0x3fda...defc,221,5,1
0x86bf...743b,1000,3,4
0x5796...002b,1206,3,4
0xa4bd...4695,502,4,2
0xc697...5e0e,1007,3,4
0x8ceb...f1ee,1009,3,4
0x1f0d...a727,1029,3,4
0xc723...3890,151,5,1
0x011d...fc83,1000,3,4
0xb5e2...4b00,151,5,1
0xee7c...9990,1004,3,4
0x09f1...b3c9,504,4,2
0x60ad...2f3b,500,4,2
0x8d11...898a,203,5,1
0xb7bb...c1bd,1000,3,4
0x1eaf...aace,1236,3,4
0x4e54...69bf,1000,3,4
0xbb34...368f,353,5,1
0x43a0...0043,151,5,1
0x9d2e...bbe6,500,4,2
0x68da...8e9a,1000,3,4
0x7286...756f,1001,3,4
0xac88...b1a8,505,4,2
0x82bc...f958,153,5,1
0xb478...2349,172,5,1
0xf14d...5a9f,500,4,2
0xcc3c...1710,1013,3,4
0x65f5...6b31,572,4,2
0x622a...49c8,1001,3,4
0x7457...93f4,500,4,2
0xc888...8e7c,151,5,1
0xa1f9...9609,1201,3,4
0xce77...2799,666,4,2
0x751e...da2b,190,5,1
0xa37b...6b13,151,5,1
0xa6c9...2165,1543,3,6
0x7318...ad3a,155,5,1
0x3677...2203,1020,3,4
0xfa2e...d5b6,153,5,1
0x3e04...5c58,151,5,1
0xc909...2dbe,1118,3,4
0x2967...e311,328,5,1
0x2da4...9c50,256,5,1
0x4564...4141,150,5,1
0x14eb...2392,185,5,1
0x5d20...2b8f,781,4,2
0x8536...393a,150,5,1
0x545e...37df,178,5,1
0xc18a...25ab,502,4,2
0x0ba9...e8f5,504,4,2
0x3238...5564,500,4,2
0x8932...fa21,1000,3,4
0x6b9b...1b58,501,4,2
0x8011...d0bb,150,5,1
0x148a...e04e,1002,3,4
0x9a33...34bf,238,5,1
0x303d...8d8f,501,4,2
0x9787...be3e,503,4,2
0xf25f...2ea0,153,5,1
0x6cf2...eb3d,1569,3,6
0x696a...a56c,500,4,2
0x7357...4c4f,1290,3,5
0x62b7...cd6f,150,5,1
0x0b5d...f369,150,5,1
0x6445...c7a4,151,5,1
0x4254...b20f,1000,3,4
0xf6b9...aa1c,151,5,1
0xa1fb...6492,507,4,2
0xf0a2...3e07,151,5,1
0xaa4e...f3bb,152,5,1
0x4f83...e1b6,150,5,1
0xe8fd...88fe,200,5,1
0xbc51...c1f7,164,5,1
0x67ba...0a15,500,4,2
0xafa4...462c,510,4,2
0x0474...5a85,504,4,2
0x581b...c615,200,5,1
0xf361...b5bb,160,5,1
0xf3b0...ede6,183,5,1
0xe8a9...a146,1004,3,4
0x2443...3332,501,4,2
0x4ed7...3f0e,161,5,1
0xbd28...09d0,1000,3,4
0x83a3...a3be,506,4,2
0x61f2...0745,300,5,1
0x8dc5...4f16,1009,3,4
0xe92a...9ed0,154,5,1
0xb330...fba1,234,5,1
0x61f4...75d3,1002,3,4
0xb0aa...f848,340,5,1
0x4cc4...800b,683,4,2
0xaf03...87af,170,5,1
0x9c62...79f8,203,5,1
0xd1cb...ad5a,1004,3,4
0x96d7...dc36,155,5,1
0x6d3f...c63c,500,4,2
0xc37e...2ca7,150,5,1
0xa70b...86dd,2021,3,8
0x3a4a...e3d6,180,5,1
0xa63e...d068,166,5,1
0xc5d8...74d9,503,4,2
0xe180...f95c,507,4,2
0x4ecd...fa70,151,5,1
0x5142...5013,503,4,2
0xfd04...5929,1009,3,4
0x8810...c89f,500,4,2
0x9a63...9976,156,5,1
0x4db9...cf27,504,4,2
0x15e6...fbea,250,5,1
0xfaca...8884,1740,3,6
0x81ce...8cf1,500,4,2
0x53fe...05bb,1040,3,4
0xf907...f2cc,150,5,1
0xe059...86dc,1000,3,4
0xf321...8244,150,5,1
0xaa6b...a173,150,5,1
0x9a93...e9a6,151,5,1
0x26a5...e144,502,4,2
0x4e7a...4b55,228,5,1
0x800f...44cc,1000,3,4
0xe1a2...c67a,288,5,1
0xf097...610e,200,5,1
0xb133...4f3a,183,5,1
0xe1a9...5d88,163,5,1
0xf939...dab3,500,4,2
0xc178...6829,152,5,1
0x6e42...34c0,170,5,1
0x840d...7967,1001,3,4
0xd546...2354,501,4,2
0x736c...c7b5,501,4,2
0x7a71...ef5c,153,5,1
0xcf5e...dacf,1300,3,5
0xf01c...efa3,1000,3,4
0x521f...cdf0,1000,3,4
0x7c13...663a,205,5,1
0xc022...9a08,524,4,2
0x32c3...d520,151,5,1
0x03d0...c791,150,5,1
0x5091...18d2,155,5,1
0x6074...de7c,217,5,1
0xa9f4...6a6d,662,4,2
0xd6e9...b990,150,5,1
0x4cf3...b83b,250,5,1
0x02c2...b179,1000,3,4
0x470f...8b95,184,5,1
0x2a92...16f6,710,4,2
0xc21e...dc74,224,5,1
0x2a37...e4a4,160,5,1
0xc32c...e8eb,1003,3,4
0x051a...29d7,500,4,2
0x4b05...7b5c,1250,3,5
0xbfa3...36e3,1003,3,4
0xf7de...fcfa,260,5,1
0xadda...928b,291,5,1
0x9240...9071,204,5,1
0x6625...ca6a,786,4,2
0x9f4b...195e,243,5,1
0xd0e9...64c2,500,4,2
0x42e2...fb22,1000,3,4
0xabd6...e8d3,162,5,1
0xf5b1...8229,299,5,1
0x1e59...86b1,164,5,1
0xf5d6...610f,1000,3,4
0xa525...597a,500,4,2
0xe235...0800,152,5,1
0x32b4...3bb1,500,4,2
0xa0dd...f22d,160,5,1
0xe73e...0f6f,166,5,1
0xb3b8...881b,523,4,2
0xa8bd...d25b,501,4,2
0x22c4...73f0,200,5,1
0x2fdb...32f0,151,5,1
0x972f...661f,1000,3,4
0xe5c2...4a4c,2056,3,8
0x1c0c...5994,612,4,2
0xf4cb...817a,750,4,2
0xfc9c...7c4e,210,5,1
0x3537...e0de,1144,3,4
0x811d...dca6,214,5,1
0x3bb1...b618,1000,3,4
0x81e3...4f5f,1000,3,4
0x1b25...0bf9,1010,3,4
0x1a34...da29,1009,3,4
0xc4f0...b914,1350,3,5
0x892f...6647,151,5,1
0x5cbb...38ea,152,5,1
0x3bc2...2734,150,5,1
0x426a...0d36,150,5,1
0x298b...5563,288,5,1
0xf1ba...5788,1070,3,4
0xc284...c712,559,4,2
0xf53b...eac1,503,4,2
0xb8c9...082e,1800,3,7
0x6e31...7022,181,5,1
0x965f...acb0,151,5,1
0x54f9...03dc,500,4,2
0x07c0...662c,502,4,2
0xb6ab...3730,1197,3,4
0x4f6d...8b7d,1000,3,4
0xeb42...ba24,500,4,2
0xcc98...a30d,158,5,1
0x162c...ea7d,608,4,2
0x16f3...0179,195,5,1
0x7b56...57a2,176,5,1
0x43ee...cab3,224,5,1
0xf0a9...424a,153,5,1
0xf9b1...0a5b,533,4,2
0xa6ba...6cdb,195,5,1
0xcf0b...b798,501,4,2
0x490e...4d0a,503,4,2
0x52b2...275b,150,5,1
0x8486...d424,151,5,1
0xab5a...de7f,153,5,1
0xd51a...98ff,501,4,2
0x652e...2789,1000,3,4
0xbabf...5419,200,5,1
0x0456...f294,344,5,1
0xe81b...94d9,501,4,2
0x06ec...ce30,531,4,2
0xbc27...b04d,265,5,1
0x5722...9e5f,1001,3,4
0x91fc...e801,509,4,2
0xc5f5...e311,500,4,2
0x3958...f104,150,5,1
0xd71a...9e22,1010,3,4
0x52eb...a9b3,500,4,2
0xd30c...7967,1005,3,4
0x07f4...8ac5,260,5,1
0x8e98...6675,1009,3,4
0x346c...a8b1,750,4,2
0xc7da...f9cc,203,5,1
0x827d...ab3b,210,5,1
0xac5e...077e,1068,3,4
0xb1f6...f78d,225,5,1
0x60a7...cac4,1059,3,4
0xfea8...e23f,1213,3,4
0xd4f1...b713,178,5,1
0xbe43...5e0b,1514,3,6
0x2486...2b09,196,5,1
0xbd84...6a35,1000,3,4
0x325a...20b0,151,5,1
0x2867...2c7c,500,4,2
0xb6fb...bb62,1032,3,4
0x286d...2ba2,161,5,1
0x396b...d2aa,1000,3,4
0x302d...5ade,150,5,1
0xecf7...4433,150,5,1
0xa3f9...29a4,150,5,1
0xfd78...8601,1013,3,4
0x2759...4c20,153,5,1
0xe871...9ed2,160,5,1
0xe55c...ca54,501,4,2
0x39a9...586a,500,4,2
0x8b96...4476,150,5,1
0x0f98...7609,291,5,1
0x52c2...fac9,150,5,1
0x1e9b...72d4,501,4,2
0x3b5b...bac3,151,5,1
0x31b0...4bc1,150,5,1
0xe5cb...76f6,501,4,2
0x353c...e1ee,216,5,1
0x3986...6f04,154,5,1
0x9fbf...f1df,150,5,1
0xb0b4...d83a,155,5,1
0x2b7a...bdd7,151,5,1
0x3c7b...b82c,800,4,2
0xb4ba...7a75,150,5,1
0x5ab2...fc44,1000,3,4
0x5a69...2679,150,5,1
0x754a...e5c1,503,4,2
0xca04...1977,151,5,1
0x090c...5f2c,613,4,2
0x23f5...f285,505,4,2
0xcb8c...f9f4,170,5,1
0xf0ce...5cd8,165,5,1
0xa76e...ee61,505,4,2
0xb2aa...64b4,150,5,1
0x04c1...a1aa,188,5,1
0xfbc6...e89c,1004,3,4
0x046a...43bc,154,5,1
0xd8d0...4477,181,5,1
0x122f...f95e,151,5,1
0x9424...d9dc,1013,3,4
0x0752...c807,501,4,2
0xb8d6...cb2d,167,5,1
0x6538...604c,1010,3,4
0x3278...f1d0,150,5,1
0x1917...53b8,1000,3,4
0x8883...7d25,1002,3,4
0xc6f2...5c99,264,5,1
0x9849...7783,150,5,1
0x728f...2525,1000,3,4
0x8d0b...9f64,156,5,1
0x1d7a...f400,500,4,2
0x2fdd...c19a,150,5,1
0x4f3f...4a31,152,5,1
0xaac8...1d6a,165,5,1
0xde8f...198b,158,5,1
0x7843...26e8,215,5,1
0x7f58...41c2,1004,3,4
0x3fb9...80b2,150,5,1
0xed42...dc6d,501,4,2
0xb5cd...d849,151,5,1
0x77a7...0e14,226,5,1
0x2453...6008,211,5,1
0x118e...d504,500,4,2
0x1371...befb,150,5,1
0xa538...8c0e,331,5,1
0xef18...4391,150,5,1
0x2e9b...015f,150,5,1
0x1084...178a,501,4,2
0xb623...7efb,506,4,2
0x41f2...e9b7,500,4,2
0x6046...7e57,1002,3,4
0x90a1...0ac8,160,5,1
0x1efa...9253,179,5,1
0x7615...c4d7,500,4,2
0x8ed4...1786,780,4,2
0xa80f...9116,500,4,2
0x1c72...d414,510,4,2
0xf421...ca7a,500,4,2
0xeda4...eed9,1414,3,5
0x0e26...dadb,1001,3,4
0x0089...01f3,247,5,1
0x6adc...08fc,150,5,1
0x0b40...4f11,298,5,1
0x2761...307f,152,5,1
0x583a...6b47,177,5,1
0x6419...d475,151,5,1
0x4e7d...3fd0,502,4,2
0x1a2d...66cf,150,5,1
0xe859...05af,150,5,1
0x36c6...5231,150,5,1
0x0d74...89ce,150,5,1
0x2ddb...179b,160,5,1
0x1644...e7c7,1731,3,6
0xedca...7038,210,5,1
0x3aed...091a,407,5,1
0x868e...b7e6,501,4,2
0x3d39...b57a,436,5,1
0x18bb...9b0c,1000,3,4
0x5333...2530,631,4,2
0x7983...a495,510,4,2
0xa275...6335,1007,3,4
0x74aa...5f73,152,5,1
0x8386...8fb6,1056,3,4
0x5b90...80b1,501,4,2
0x0b46...dfca,151,5,1
0x90ce...c9f0,199,5,1
0x4a51...6b04,206,5,1
0xb5a6...f0e2,153,5,1
0x2c5c...f9bf,151,5,1
0x3f80...6f1f,151,5,1
0x760e...e8fe,1006,3,4
0xcaab...5d41,500,4,2
0x98e1...d151,150,5,1
0xaf7c...494f,150,5,1
0x1723...7613,175,5,1
0x0e8e...4f57,150,5,1
0xa169...6a2e,151,5,1
0x980b...53a2,1000,3,4
0x6d6d...8855,518,4,2
0x7121...cdbb,166,5,1
0x5733...e72a,515,4,2
0x2d7e...fb97,154,5,1
0xc8a9...5204,156,5,1
0x431b...32b6,159,5,1
0x1eaa...35bb,500,4,2
0x3562...a82a,339,5,1
0x62ae...a762,225,5,1
0xa07f...542a,150,5,1
0xbe92...c586,151,5,1
0x0a5c...cc22,1511,3,6
0x13f9...865f,200,5,1
0x9878...d0e3,598,4,2
0x11de...8bfa,155,5,1
0x80cd...d7c7,160,5,1
0xbf6a...f523,150,5,1
0x78d0...ba97,300,5,1
0x5bd0...eb8e,500,4,2
0x3737...e8b1,152,5,1
0xaf0e...cbe1,1149,3,4
0xd552...cf84,500,4,2
0x916d...fc72,165,5,1
0xf64d...09b0,243,5,1
0xe12d...cfc9,277,5,1
0x637c...b7b8,1013,3,4
0xdb9d...37ca,639,4,2
0xacbb...0e5a,522,4,2
0x2a1b...923a,219,5,1
0x539f...7ed4,1023,3,4
0x0ed1...87a0,150,5,1
0xb676...5bce,500,4,2
0xb125...9022,158,5,1
0xc832...0a0e,156,5,1
0x8399...1475,848,4,2
0xbab5...74c5,509,4,2
0x0099...208b,210,5,1
0xf4b5...0e48,158,5,1
0xf204...3baa,319,5,1
0x5ee6...39b0,151,5,1
0x0258...7ac2,160,5,1
0x68c3...c44c,153,5,1
0x7591...c6e2,1001,3,4
0x0217...d69f,150,5,1
0x0e81...0ba6,156,5,1
0x5c93...a1ec,1067,3,4
0xcc38...86ef,179,5,1
0x6ca7...9fc0,201,5,1
0xad36...2b36,1072,3,4
0x376f...5180,150,5,1
0x890d...c6e9,766,4,2
0x6e7d...ed33,150,5,1
0x9be4...bcae,500,4,2
0xad9d...1fb3,1001,3,4
0xd039...2831,576,4,2
0xed6e...e1b4,155,5,1
0xac30...74d0,150,5,1
0x66e0...fa4b,501,4,2
0x5e2d...5546,237,5,1
0x127c...5811,156,5,1
0x19a9...a052,184,5,1
0x5c70...5992,236,5,1
0xa067...74f4,160,5,1
0xaf6e...2c43,151,5,1
0x9fc1...2125,150,5,1
0x72c5...9b76,221,5,1
0xe133...2e6b,150,5,1
0xf825...1fc5,1252,3,5
0xfaf2...e5d6,200,5,1
0x8635...ae37,564,4,2
0x5087...76ec,150,5,1
0x64e1...9c8b,150,5,1
0xf2f0...a1e0,154,5,1
0x2f54...4c1d,158,5,1
0x6f83...ab5c,151,5,1
0x443d...561e,153,5,1
0x3335...2a59,200,5,1
0xc582...c106,150,5,1
0xcd10...2fa9,525,4,2
0xba52...f1e8,153,5,1
0xeb10...fd7f,500,4,2
0xb5e6...94f2,150,5,1
0xaa26...e3bf,151,5,1
0x0e4f...e6f8,164,5,1
0xc2cb...6a78,506,4,2
0x8eb2...e88c,160,5,1
0xfa7f...c664,500,4,2
0xc0a7...1aa1,1002,3,4
0xc06f...bb07,1099,3,4
0xfe6a...14f4,301,5,1
0x11c4...9142,500,4,2
0xab94...685b,154,5,1
0xd697...0ca2,158,5,1
0xeaef...bced,174,5,1
0x5c22...c7ec,160,5,1
0x83fb...4d17,505,4,2
0x9003...76d2,154,5,1
0x15d1...5b39,500,4,2
0xcfde...ee49,155,5,1
0xd045...9e44,1003,3,4
0xe105...ac6c,500,4,2
0xf1e2...55d7,213,5,1
0x9166...a24f,150,5,1
0xd145...4745,200,5,1
0x12cf...041b,153,5,1
0x6c17...a444,503,4,2
0xaee9...f049,500,4,2
0x56bc...c15b,250,5,1
0xaee2...527f,170,5,1
0x5491...807f,150,5,1
0x42cd...9b2b,924,4,2
0x135d...0470,150,5,1
0x153a...2c7c,151,5,1
0x14f5...96b7,151,5,1
0x33f5...94ad,171,5,1
0x45e9...293e,281,5,1
0x354f...63d4,308,5,1
0x3a96...f08c,154,5,1
0xfbe2...7fd7,150,5,1
0xb905...c9b1,152,5,1
0x323f...49cb,150,5,1
0x5945...e71a,200,5,1
0xb63c...213c,500,4,2
0xd8ab...3aab,522,4,2
0xf39e...4b18,712,4,2
0xcfa8...9079,193,5,1
0xeaa8...4c2a,165,5,1
0x235f...22d2,150,5,1
0x0776...3829,169,5,1
0x4c39...6819,241,5,1
0x5358...76fc,547,4,2
0x319c...c6c1,188,5,1
0x1682...4efb,216,5,1
0x90b7...fd0b,536,4,2
0xac84...8ca1,150,5,1
0xf43f...8117,150,5,1
0x891e...5c44,186,5,1
0x1942...a5bf,151,5,1
0x6f29...28bc,200,5,1
0x1e60...ccfa,150,5,1
0x4a20...3951,220,5,1
0xffcc...7f1e,151,5,1
0xb5e0...22c9,160,5,1
0xf30a...1f55,164,5,1
0x571a...e2e1,155,5,1
0x486c...a180,150,5,1
0x6796...8ee6,150,5,1
0xeedb...6ed9,152,5,1
0x8a45...2d5f,505,4,2
0x97a1...ce92,150,5,1
0x23c7...7f2d,168,5,1
0x04cd...0762,390,5,1
0x8588...5f13,176,5,1
0xfc53...b92c,150,5,1
0x8e97...00e8,237,5,1
0xf6fb...3702,150,5,1
0x3707...2860,300,5,1
0x5fb4...dcb9,150,5,1
0xc230...652f,180,5,1
0x045d...e696,150,5,1
0xf8cc...43b0,151,5,1
0xd559...1dcf,150,5,1
0x4f7c...30d7,346,5,1
0xefb9...5ea0,1000,3,4
0xeaec...5c9a,505,4,2
0x0adc...9e94,155,5,1
0x4efa...7713,450,5,1
0x5b9e...c3c8,180,5,1
0x79f9...0b84,1001,3,4
0xff69...77fa,152,5,1
0xfd31...7030,151,5,1
0xc280...22f9,166,5,1
0x140e...d5aa,503,4,2
0x4249...cbfc,154,5,1
0x5be2...f5bf,151,5,1
0x8b78...ec8b,212,5,1
0xe9af...1f33,154,5,1
0xfbde...b2a2,150,5,1
0x5602...d96e,200,5,1
0x39b0...8cf7,150,5,1
0x2f06...16c5,188,5,1
0x8cec...4805,226,5,1
0x91ff...9d07,309,5,1
0x218e...5460,501,4,2
0x14d4...ca76,150,5,1
0xfe72...5876,151,5,1
0xdb8c...9ab4,161,5,1
0x9c90...211b,162,5,1
0xd2f1...9a08,163,5,1
0x0c96...bada,150,5,1
0x706b...d3d4,151,5,1
0x029c...13ad,503,4,2
0xaba3...a748,150,5,1
0x98d2...b402,158,5,1
0xbecb...1621,156,5,1
0x1d48...9f7a,150,5,1
0x87b6...1a2d,152,5,1
0x71f3...4b29,155,5,1
0x41af...5800,152,5,1
0x796b...180c,151,5,1
0x9b42...f080,150,5,1
0x5242...8620,152,5,1
0xb52f...9787,500,4,2
0xcdd2...be55,173,5,1
0x5061...350e,152,5,1
0xc050...069b,200,5,1
0x3205...b960,150,5,1
0x4cad...f9be,256,5,1
0xa658...8cf5,300,5,1
0xef00...c97d,151,5,1
0x25a0...0a52,151,5,1
0xaf78...f344,151,5,1
0x0d22...970f,217,5,1
0xaf9b...ec96,152,5,1
0xed29...4996,218,5,1
0xfa18...9e26,170,5,1
0x0326...76ae,152,5,1
0x8e2b...6c01,204,5,1
0x9c53...3a13,500,4,2
0xc8d2...875f,179,5,1
0xd049...2e9f,250,5,1
0xaba6...4ba9,150,5,1
0x742e...3981,175,5,1
0x4ced...32d6,418,5,1
0x0d97...56d1,150,5,1
0x8583...089d,201,5,1
0x3a10...9476,162,5,1
0xcc22...52ca,300,5,1
0x82ec...c4b9,272,5,1
0xb476...c154,150,5,1
0xda19...7fea,150,5,1
0x303c...226f,265,5,1
0xbb2d...5fd4,168,5,1
0xb104...9d86,512,4,2
0xe62d...21f0,151,5,1
0xe7c0...16ed,150,5,1
0x4cd6...68b5,150,5,1
0x5e5a...e622,287,5,1
0x58be...5c04,150,5,1
0x59fa...8832,150,5,1
0xb2a5...ddc7,249,5,1
0xa61b...7d68,500,4,2
0xb1ac...3a56,150,5,1
0x70e3...3ab5,200,5,1
0xfe39...eb37,684,4,2
0x0b4f...5be1,151,5,1
0xc8e0...b819,168,5,1
0x574f...36b6,257,5,1
0x6b04...df93,158,5,1
0x562d...1020,152,5,1
0x6932...1424,224,5,1
0xa511...4830,505,4,2
0x3a7b...47ce,150,5,1
0x03c6...4f17,175,5,1
0x17a5...1eed,150,5,1
0x29bd...e120,182,5,1
0x6e69...b3c4,170,5,1
0xd4d1...34c4,798,4,2
0x8771...eb0a,155,5,1
0xff72...ed64,150,5,1
0xb132...3ec5,154,5,1
0xfb44...fa58,245,5,1
0x4a9c...cb66,151,5,1
0x8fb0...b198,168,5,1
0x4d15...9646,151,5,1
0x197f...7955,150,5,1
0xf4af...edac,500,4,2
0x304d...69b8,254,5,1
0x1443...71c1,273,5,1
0x1a00...0fac,152,5,1
0xaa97...b82d,150,5,1
0x977b...772c,150,5,1
0xcc24...f19b,213,5,1
0xd7a8...2329,150,5,1
0x05b2...0711,150,5,1
0xa8a2...7740,155,5,1
0x5466...f544,175,5,1
0xc675...9a84,150,5,1
0xc54b...b891,150,5,1
0x97a8...cd95,1006,3,4
0x260e...fc55,805,4,2
0xb7f0...d35b,150,5,1
0xb6f3...65db,502,4,2
0x17b0...c10f,152,5,1
0x9de7...90a4,159,5,1
0x85d6...dc8b,177,5,1
0x0fdd...e2f7,150,5,1
0x13e0...95b3,150,5,1
0x85e0...df70,200,5,1
0x5b56...e83f,254,5,1
0x0f9c...b328,261,5,1
0x5803...5064,200,5,1
0x398e...2a18,151,5,1
0xd6a5...ba07,300,5,1
0xb6ae...e316,160,5,1
0x89a8...5b0d,246,5,1
0xecc9...7fc5,300,5,1
0xfbd0...c2b1,179,5,1
0x88bf...6ad3,226,5,1
0x3a0b...b32f,155,5,1
0xe382...6171,229,5,1
0x00c1...6ad0,209,5,1
0x38ed...7314,150,5,1
0x09d8...cbdb,220,5,1
0x34d8...a51c,155,5,1
0xc295...00a3,150,5,1
0xab9c...1cb0,762,4,2
0x256a...e251,301,5,1
0x4581...2b2a,191,5,1
0xf23d...ce48,151,5,1
0x4228...9599,157,5,1
0x8c72...bb77,150,5,1
0xf69c...d7ee,200,5,1
0x5827...ec05,169,5,1
0xaa7a...7df2,151,5,1
0xfeb6...1ab4,150,5,1
0x9980...4f3b,161,5,1
0x5250...141e,151,5,1
0xa72e...3894,240,5,1
0xe8fb...8a09,510,4,2
0xc21a...146a,160,5,1
0x7f1b...4bfa,500,4,2
0x93b0...edb1,159,5,1
0x4ac4...47b4,527,4,2
0x2f67...03b9,500,4,2
0x4ea7...814b,184,5,1
0x644c...b31a,160,5,1
0x3d7d...9e52,265,5,1
0xd1e7...2848,200,5,1
0xb2ab...9f67,150,5,1
0x0652...7c1d,150,5,1
0x4edd...d2c0,152,5,1
0x1b58...1e91,155,5,1
0xb8f7...308c,153,5,1
0x8ec2...d13a,150,5,1
0x16b5...a684,150,5,1
0xdf08...d5b7,150,5,1
0x121d...c702,157,5,1
0x5cad...a5bd,151,5,1
0x77cc...c4d6,150,5,1
0xc75f...89f8,150,5,1
0xb96d...fe9a,151,5,1
0xafea...eea3,158,5,1
0x721e...a2ee,150,5,1
0x986c...1e7e,249,5,1
0xb657...aa86,158,5,1
0x84b1...1aa8,222,5,1
0x242f...5d18,500,4,2
0x56f0...bdf0,150,5,1
0xed7c...b8cc,151,5,1
0x9f45...0cba,291,5,1
0x452c...36e1,150,5,1
0x6d9f...ec2e,176,5,1
0xf3d7...853e,150,5,1